Feature,Importance
Age,0.07065524405041135
Tenure,0.046643594346342215
DepartmentType_Sales,0.0362992303395599
RaceDesc_White,-0.03347017462527138
GenderCode,-0.04808405945467935
PayZone_Zone B,-0.05074514111285692
