Feature,Importance
GenderCode,0.06156429673913367
Tenure,0.033373950494289616
DepartmentType_Sales,0.00895863585445853
RaceDesc_White,-0.008143999853454233
PayZone_Zone B,-0.015443126685422488
RaceDesc_Hispanic,-0.03441854464057465
