Model,Accuracy,Precision_Macro,Recall_Macro,F1_Macro,Precision_Weigthed,Recall_Weigthed,F1_Weigthed
Random Forest,0.6746666666666666,0.2566550496811508,0.2570342332685737,0.2564412775663495,0.6537897078451728,0.6746666666666666,0.6638324766650108
Logistic Regression,0.2906666666666667,0.2943083899486725,0.3210972566490253,0.21141408665431133,0.7300749475234518,0.2906666666666667,0.3701447514652385
Support Vector Machine,0.288,0.2885446919223054,0.2983854759831178,0.200730772071271,0.7286138754285257,0.288,0.35611176178856985
