Model,Accuracy,Precision_Macro,Recall_Macro,F1_Macro,Precision_Weighted,Recall_Weighted,F1_Weighted
Random Forest Tuned,0.6733333333333333,0.28651022043470553,0.2928132187758201,0.27722693911780766,0.6527121815664912,0.6733333333333333,0.6586902653406203
Logistic Regression Tuned,0.624,0.252563233965673,0.2559021962439427,0.25051807419124433,0.6417778121908204,0.624,0.6316690578143185
Support Vector Machine Tuned,0.596,0.28896295339081407,0.3105830318661933,0.2881920328722674,0.6606874557786664,0.596,0.6245080380224581
