Model,Accuracy,Precision_Macro,Recall_Macro,F1_Macro,Precision_Weighted,Recall_Weighted,F1_Weighted
Random Forest Tuned,0.665333,0.279424,0.273590,0.271490,0.653368,0.665333,0.657021
Logistic Regression Tuned,0.612000,0.266555,0.262953,0.263550,0.644358,0.612000,0.627463
Support Vector Machine Tuned,0.602667,0.270327,0.271109,0.265179,0.650111,0.602667,0.624294
