Model,Accuracy,Precision_Macro,Recall_Macro,F1_Macro,Precision_Weighted,Recall_Weighted,F1_Weighted
Random Forest,0.650667,0.281730,0.277444,0.279468,0.655187,0.650667,0.652885
Logistic Regression,0.613333,0.269801,0.265671,0.266547,0.645618,0.613333,0.628763
Support Vector Machine,0.626667,0.258550,0.259028,0.253195,0.646198,0.626667,0.634807
