Model,Accuracy,Precision_Macro,Recall_Macro,F1_Macro,Precision_Weighted,Recall_Weighted,F1_Weighted
Random Forest,0.6346666666666667,0.2869829554532757,0.2971039615015297,0.29072335409620964,0.6574015247146787,0.6346666666666667,0.6455476514914132
Logistic Regression,0.624,0.252563233965673,0.2559021962439427,0.25051807419124433,0.6417778121908204,0.624,0.6316690578143185
Support Vector Machine,0.636,0.2762617798503838,0.2896945691252987,0.2751223531344678,0.6455164998866543,0.636,0.6384974313440472
