Feature,Importance
Tenure,0.21056998547306094
Age,0.13313218405672844
PayZone_Zone B,0.07669144531173554
RaceDesc_Black,0.07204925445926628
PayZone_Zone C,0.06955501950485439
DepartmentType_Production       ,0.06870287883760366
