Feature,Importance
Tenure,0.23149352709720936
Age,0.13711088366347787
DepartmentType_Sales,0.07508791330432271
RaceDesc_White,0.07412174307109978
PayZone_Zone C,0.07096863558860778
PayZone_Zone B,0.06993061072331694
