Feature,Importance
DepartmentType_Production       ,0.046000000000000006
RaceDesc_Black,0.041333333333333354
RaceDesc_Hispanic,0.03813333333333335
DepartmentType_Sales,0.03533333333333335
DepartmentType_IT/IS,0.025333333333333354
RaceDesc_White,0.023866666666666682
