Feature,Importance
DepartmentType_Production       ,0.04320000000000004
DepartmentType_Sales,0.03720000000000003
RaceDesc_Black,0.036666666666666715
RaceDesc_Hispanic,0.03466666666666672
DepartmentType_IT/IS,0.024800000000000055
DepartmentType_Software Engineering,0.023200000000000054
